Node;Centrality Degree
397;0.050000
385;0.051282
194;0.051282
169;0.051282
209;0.051282
408;0.051282
37;0.051282
380;0.052632
141;0.052632
148;0.052632
382;0.052632
299;0.052632
152;0.052632
383;0.052632
34;0.052632
550;0.052632
557;0.052632
494;0.052632
391;0.052632
532;0.052632
496;0.052632
325;0.052632
134;0.052632
528;0.052632
526;0.052632
340;0.052632
513;0.052632
131;0.052632
506;0.052632
348;0.052632
100;0.052632
198;0.052632
202;0.052632
8;0.052632
412;0.052632
411;0.052632
406;0.052632
98;0.052632
404;0.052632
589;0.052632
256;0.052632
257;0.052632
399;0.052632
263;0.052632
272;0.052632
72;0.052632
281;0.052632
392;0.054054
115;0.054054
405;0.054054
365;0.054054
422;0.054054
416;0.054054
413;0.054054
122;0.054054
394;0.054054
425;0.054054
381;0.054054
274;0.054054
207;0.054054
208;0.054054
216;0.054054
225;0.054054
234;0.054054
236;0.054054
179;0.054054
237;0.054054
240;0.054054
241;0.054054
246;0.054054
261;0.054054
268;0.054054
162;0.054054
362;0.054054
284;0.054054
285;0.054054
289;0.054054
154;0.054054
296;0.054054
308;0.054054
315;0.054054
317;0.054054
323;0.054054
140;0.054054
336;0.054054
341;0.054054
345;0.054054
548;0.054054
483;0.054054
485;0.054054
65;0.054054
507;0.054054
56;0.054054
512;0.054054
54;0.054054
48;0.054054
47;0.054054
533;0.054054
540;0.054054
541;0.054054
543;0.054054
434;0.054054
554;0.054054
568;0.054054
27;0.054054
23;0.054054
22;0.054054
15;0.054054
593;0.054054
602;0.054054
605;0.054054
4;0.054054
625;0.054054
639;0.054054
86;0.054054
459;0.054054
84;0.054054
465;0.054054
76;0.054054
474;0.054054
244;0.055556
572;0.055556
245;0.055556
590;0.055556
247;0.055556
249;0.055556
588;0.055556
587;0.055556
586;0.055556
585;0.055556
456;0.055556
407;0.055556
270;0.055556
580;0.055556
577;0.055556
273;0.055556
576;0.055556
463;0.055556
612;0.055556
628;0.055556
206;0.055556
415;0.055556
621;0.055556
616;0.055556
210;0.055556
211;0.055556
213;0.055556
214;0.055556
451;0.055556
219;0.055556
221;0.055556
606;0.055556
233;0.055556
414;0.055556
435;0.055556
595;0.055556
442;0.055556
592;0.055556
372;0.055556
530;0.055556
514;0.055556
396;0.055556
395;0.055556
473;0.055556
508;0.055556
354;0.055556
499;0.055556
369;0.055556
339;0.055556
374;0.055556
498;0.055556
376;0.055556
490;0.055556
475;0.055556
488;0.055556
390;0.055556
384;0.055556
387;0.055556
400;0.055556
480;0.055556
295;0.055556
1;0.055556
549;0.055556
544;0.055556
305;0.055556
542;0.055556
313;0.055556
403;0.055556
569;0.055556
321;0.055556
535;0.055556
324;0.055556
466;0.055556
531;0.055556
398;0.055556
329;0.055556
472;0.055556
338;0.055556
12;0.055556
82;0.055556
144;0.055556
78;0.055556
161;0.055556
32;0.055556
135;0.055556
24;0.055556
139;0.055556
157;0.055556
3;0.055556
33;0.055556
143;0.055556
71;0.055556
88;0.055556
51;0.055556
13;0.055556
49;0.055556
95;0.055556
70;0.055556
45;0.055556
28;0.055556
57;0.055556
17;0.055556
6;0.055556
333;0.057143
334;0.057143
60;0.057143
330;0.057143
503;0.057143
500;0.057143
136;0.057143
142;0.057143
342;0.057143
491;0.057143
66;0.057143
487;0.057143
519;0.057143
306;0.057143
302;0.057143
539;0.057143
536;0.057143
46;0.057143
529;0.057143
523;0.057143
522;0.057143
146;0.057143
138;0.057143
516;0.057143
318;0.057143
52;0.057143
55;0.057143
322;0.057143
301;0.057143
509;0.057143
327;0.057143
103;0.057143
117;0.057143
388;0.057143
439;0.057143
437;0.057143
110;0.057143
433;0.057143
432;0.057143
108;0.057143
429;0.057143
428;0.057143
424;0.057143
445;0.057143
401;0.057143
101;0.057143
418;0.057143
97;0.057143
409;0.057143
89;0.057143
94;0.057143
93;0.057143
92;0.057143
90;0.057143
370;0.057143
351;0.057143
68;0.057143
356;0.057143
73;0.057143
360;0.057143
470;0.057143
127;0.057143
464;0.057143
462;0.057143
368;0.057143
349;0.057143
454;0.057143
124;0.057143
373;0.057143
453;0.057143
449;0.057143
377;0.057143
378;0.057143
448;0.057143
120;0.057143
447;0.057143
598;0.057143
232;0.057143
608;0.057143
181;0.057143
607;0.057143
180;0.057143
178;0.057143
9;0.057143
600;0.057143
242;0.057143
243;0.057143
228;0.057143
597;0.057143
594;0.057143
151;0.057143
14;0.057143
16;0.057143
254;0.057143
19;0.057143
21;0.057143
584;0.057143
624;0.057143
0;0.057143
637;0.057143
196;0.057143
635;0.057143
205;0.057143
195;0.057143
630;0.057143
189;0.057143
2;0.057143
188;0.057143
171;0.057143
623;0.057143
217;0.057143
218;0.057143
185;0.057143
622;0.057143
222;0.057143
223;0.057143
619;0.057143
618;0.057143
264;0.057143
567;0.057143
30;0.057143
547;0.057143
570;0.057143
291;0.057143
566;0.057143
563;0.057143
293;0.057143
561;0.057143
575;0.057143
278;0.057143
26;0.057143
25;0.057143
288;0.057143
35;0.057143
298;0.057143
39;0.057143
558;0.057143
579;0.057143
153;0.057143
166;0.057143
578;0.057143
282;0.057143
440;0.058824
551;0.058824
524;0.058824
620;0.058824
36;0.058824
436;0.058824
545;0.058824
546;0.058824
87;0.058824
7;0.058824
419;0.058824
423;0.058824
631;0.058824
632;0.058824
633;0.058824
38;0.058824
417;0.058824
538;0.058824
636;0.058824
638;0.058824
41;0.058824
469;0.058824
583;0.058824
495;0.058824
493;0.058824
492;0.058824
20;0.058824
486;0.058824
18;0.058824
501;0.058824
479;0.058824
478;0.058824
477;0.058824
504;0.058824
59;0.058824
574;0.058824
441;0.058824
599;0.058824
573;0.058824
10;0.058824
457;0.058824
80;0.058824
81;0.058824
609;0.058824
62;0.058824
614;0.058824
560;0.058824
617;0.058824
443;0.058824
552;0.058824
160;0.058824
159;0.058824
355;0.058824
280;0.058824
279;0.058824
276;0.058824
361;0.058824
363;0.058824
275;0.058824
353;0.058824
269;0.058824
266;0.058824
167;0.058824
258;0.058824
168;0.058824
367;0.058824
251;0.058824
123;0.058824
130;0.058824
328;0.058824
331;0.058824
314;0.058824
332;0.058824
147;0.058824
137;0.058824
150;0.058824
344;0.058824
199;0.058824
297;0.058824
347;0.058824
155;0.058824
294;0.058824
290;0.058824
156;0.058824
286;0.058824
203;0.058824
183;0.058824
226;0.058824
402;0.058824
113;0.058824
386;0.058824
109;0.058824
193;0.058824
229;0.058824
204;0.058824
238;0.058824
118;0.058824
224;0.058824
200;0.058824
96;0.058824
231;0.058824
184;0.058824
107;0.058824
191;0.058824
187;0.058824
303;0.060606
534;0.060606
42;0.060606
300;0.060606
40;0.060606
190;0.060606
304;0.060606
634;0.060606
158;0.060606
44;0.060606
525;0.060606
312;0.060606
201;0.060606
316;0.060606
527;0.060606
518;0.060606
319;0.060606
320;0.060606
615;0.060606
11;0.060606
177;0.060606
182;0.060606
174;0.060606
248;0.060606
610;0.060606
252;0.060606
611;0.060606
259;0.060606
582;0.060606
230;0.060606
629;0.060606
271;0.060606
227;0.060606
562;0.060606
31;0.060606
555;0.060606
5;0.060606
220;0.060606
553;0.060606
186;0.060606
215;0.060606
292;0.060606
114;0.060606
132;0.060606
106;0.060606
489;0.060606
350;0.060606
67;0.060606
431;0.060606
352;0.060606
69;0.060606
128;0.060606
476;0.060606
438;0.060606
74;0.060606
410;0.060606
116;0.060606
77;0.060606
119;0.060606
126;0.060606
379;0.060606
366;0.060606
460;0.060606
79;0.060606
121;0.060606
458;0.060606
450;0.060606
455;0.060606
105;0.060606
420;0.060606
197;0.060606
502;0.060606
421;0.060606
102;0.060606
326;0.060606
426;0.060606
505;0.062500
262;0.062500
265;0.062500
627;0.062500
446;0.062500
613;0.062500
75;0.062500
337;0.062500
389;0.062500
260;0.062500
461;0.062500
517;0.062500
170;0.062500
145;0.062500
235;0.062500
99;0.062500
510;0.062500
591;0.062500
172;0.062500
601;0.062500
175;0.062500
481;0.062500
497;0.062500
63;0.062500
346;0.062500
64;0.062500
43;0.062500
212;0.062500
133;0.062500
482;0.062500
467;0.062500
283;0.062500
309;0.062500
50;0.062500
111;0.062500
468;0.062500
565;0.062500
564;0.062500
471;0.062500
359;0.062500
112;0.062500
358;0.062500
85;0.064516
427;0.064516
444;0.064516
192;0.064516
430;0.064516
104;0.064516
604;0.064516
364;0.064516
603;0.064516
176;0.064516
83;0.064516
91;0.064516
277;0.064516
559;0.064516
556;0.064516
287;0.064516
129;0.064516
343;0.064516
537;0.064516
61;0.064516
357;0.064516
311;0.064516
335;0.064516
521;0.064516
520;0.064516
58;0.064516
515;0.064516
53;0.064516
163;0.064516
596;0.064516
165;0.064516
125;0.064516
267;0.064516
511;0.064516
255;0.064516
581;0.064516
29;0.066667
173;0.066667
239;0.066667
307;0.066667
626;0.066667
393;0.066667
164;0.066667
571;0.066667
149;0.068966
310;0.068966
253;0.068966
250;0.068966
375;0.068966
452;0.068966
484;0.071429
371;0.071429
